FirstName,LastName,DisplayName,UPN,Email,Department,Title
Robyn,Woolverton,Robyn Woolverton,RobynWo,RobynWo@Spider.com,Marketing,Admin Manager
Ruby,Belcher,Ruby Belcher,RubyBe,RubyBe@Spider.com,Marketing,Department Manager
Steve,Britt,Steve Britt,SteveBr,SteveBr@Spider.com,Marketing,
June,Jamison,June Jamison,JuneJa,JuneJa@Spider.com,Marketing,
Nicholas,Scheerer,Nicholas Scheerer,NicholasSc,NicholasSc@Spider.com,Marketing,
Brian,Murray,Brian Murray,BrianMu,BrianMu@Spider.com,Marketing,
Cecile,Spooner,Cecile Spooner,CecileSp,CecileSp@Spider.com,Marketing,
Phyllis,Gillum,Phyllis Gillum,PhyllisGi,PhyllisGi@Spider.com,Marketing,
Theresa,Champion,Theresa Champion,TheresaCh,TheresaCh@Spider.com,Marketing,
Renee,Sanchez,Renee Sanchez,ReneeSa,ReneeSa@Spider.com,Marketing,
William,Williams,William Williams,WilliamWi,WilliamWi@Spider.com,Marketing,
April,Proffitt,April Proffitt,AprilPr,AprilPr@Spider.com,Marketing,
Jerry,Rice,Jerry Rice,JerryRi,JerryRi@Spider.com,Marketing,
Calvin,Elliott,Calvin Elliott,CalvinEl,CalvinEl@Spider.com,Marketing,
Shane,Murray,Shane Murray,ShaneMu,ShaneMu@Spider.com,Marketing,
Kenneth,McKee,Kenneth McKee,KennethMc,KennethMc@Spider.com,Management,Admin Manager
Angela,Chase,Angela Chase,AngelaCh,AngelaCh@Spider.com,Management,Department Manager
Courtney,Williams,Courtney Williams,CourtneyWi,CourtneyWi@Spider.com,Management,
Brandon,Raposa,Brandon Raposa,BrandonRa,BrandonRa@Spider.com,Management,
Ann,Marcus,Ann Marcus,AnnMa,AnnMa@Spider.com,Management,
Brenda,Gravley,Brenda Gravley,BrendaGr,BrendaGr@Spider.com,Management,
Josephine,Bell,Josephine Bell,JosephineBe,JosephineBe@Spider.com,Management,
Katherine,Gray,Katherine Gray,KatherineGr,KatherineGr@Spider.com,Management,
Gladys,Rush,Gladys Rush,GladysRu,GladysRu@Spider.com,Management,
Paul,Breault,Paul Breault,PaulBr,PaulBr@Spider.com,Management,
Laveta,Miller,Laveta Miller,LavetaMi,LavetaMi@Spider.com,Management,
Nancy,Flanagan,Nancy Flanagan,NancyFl,NancyFl@Spider.com,Management,
Maria,Grace,Maria Grace,MariaGr,MariaGr@Spider.com,Management,
Cecelia,Payne,Cecelia Payne,CeceliaPa,CeceliaPa@Spider.com,Management,
Lynne,Rhodes,Lynne Rhodes,LynneRh,LynneRh@Spider.com,Management,
Larry,Figueroa,Larry Figueroa,LarryFi,LarryFi@Spider.com,Manufacturing,Admin Manager
Suzanne,Massie,Suzanne Massie,SuzanneMa,SuzanneMa@Spider.com,Manufacturing,Department Manager
John,Sims,John Sims,JohnSi,JohnSi@Spider.com,Manufacturing,
Lillian,Perkins,Lillian Perkins,LillianPe,LillianPe@Spider.com,Manufacturing,
Brett,Ansell,Brett Ansell,BrettAn,BrettAn@Spider.com,Manufacturing,
Sharon,Varner,Sharon Varner,SharonVa,SharonVa@Spider.com,Manufacturing,
Christy,Walden,Christy Walden,ChristyWa,ChristyWa@Spider.com,Manufacturing,
Edna,Williams,Edna Williams,EdnaWi,EdnaWi@Spider.com,Manufacturing,
Patty,Williams,Patty Williams,PattyWi,PattyWi@Spider.com,Manufacturing,
Angela,Smith,Angela Smith,AngelaSm,AngelaSm@Spider.com,Manufacturing,
Betty,Rumph,Betty Rumph,BettyRu,BettyRu@Spider.com,Manufacturing,
Wanda,Carter,Wanda Carter,WandaCa,WandaCa@Spider.com,Manufacturing,
Marcus,Obrien,Marcus Obrien,MarcusOb,MarcusOb@Spider.com,Manufacturing,
Timothy,Johnson,Timothy Johnson,TimothyJo,TimothyJo@Spider.com,Manufacturing,
Karen,Bush,Karen Bush,KarenBu,KarenBu@Spider.com,Manufacturing,
Mary,Ybarra,Mary Ybarra,MaryYb,MaryYb@Spider.com,Sales,Admin Manager
Bobby,Tucci,Bobby Tucci,BobbyTu,BobbyTu@Spider.com,Sales,Department Manager
William,Shaw,William Shaw,WilliamSh,WilliamSh@Spider.com,Sales,
Scott,Johnson,Scott Johnson,ScottJo,ScottJo@Spider.com,Sales,
Helen,Aragon,Helen Aragon,HelenAr,HelenAr@Spider.com,Sales,
Alan,Campbell,Alan Campbell,AlanCa,AlanCa@Spider.com,Sales,
Cathy,Mitchell,Cathy Mitchell,CathyMi,CathyMi@Spider.com,Sales,
Henry,Papa,Henry Papa,HenryPa,HenryPa@Spider.com,Sales,
Johnnie,Hopkins,Johnnie Hopkins,JohnnieHo,JohnnieHo@Spider.com,Sales,
Evelyn,Adkins,Evelyn Adkins,EvelynAd,EvelynAd@Spider.com,Sales,
Anette,Parsons,Anette Parsons,AnettePa,AnettePa@Spider.com,Sales,
Lisa,Lain,Lisa Lain,LisaLa,LisaLa@Spider.com,Sales,
Charles,Fullerton,Charles Fullerton,CharlesFu,CharlesFu@Spider.com,Sales,
Leslee,Longoria,Leslee Longoria,LesleeLo,LesleeLo@Spider.com,Sales,
Sharon,Goldberg,Sharon Goldberg,SharonGo,SharonGo@Spider.com,Sales,
Ruth,Cary,Ruth Cary,RuthCa,RuthCa@Spider.com,Human Resource,Admin Manager
Thurman,Pettit,Thurman Pettit,ThurmanPe,ThurmanPe@Spider.com,Human Resource,Department Manager
Arthur,Perez,Arthur Perez,ArthurPe,ArthurPe@Spider.com,Human Resource,
Lucille,Jones,Lucille Jones,LucilleJo,LucilleJo@Spider.com,Human Resource,
Edward,Tilley,Edward Tilley,EdwardTi,EdwardTi@Spider.com,Human Resource,
Lea,Richman,Lea Richman,LeaRi,LeaRi@Spider.com,Human Resource,
Brittany,Glenn,Brittany Glenn,BrittanyGl,BrittanyGl@Spider.com,Human Resource,
Jenni,Parks,Jenni Parks,JenniPa,JenniPa@Spider.com,Human Resource,
Marie,Rico,Marie Rico,MarieRi,MarieRi@Spider.com,Human Resource,
Ronald,Warner,Ronald Warner,RonaldWa,RonaldWa@Spider.com,Human Resource,
Hattie,Martinez,Hattie Martinez,HattieMa,HattieMa@Spider.com,Human Resource,
Richard,Valerio,Richard Valerio,RichardVa,RichardVa@Spider.com,Human Resource,
Aileen,Mercado,Aileen Mercado,AileenMe,AileenMe@Spider.com,Human Resource,
Lana,Thor,Lana Thor,LanaTh,LanaTh@Spider.com,Human Resource,
Nancy,Blocher,Nancy Blocher,NancyBl,NancyBl@Spider.com,Human Resource,
Ronald,Yohe,Ronald Yohe,RonaldYo,RonaldYo@Spider.com,Costumer Services,Admin Manager
Mark,Ellis,Mark Ellis,MarkEl,MarkEl@Spider.com,Costumer Services,Department Manager
Timothy,Dalrymple,Timothy Dalrymple,TimothyDa,TimothyDa@Spider.com,Costumer Services,
Terri,Hicks,Terri Hicks,TerriHi,TerriHi@Spider.com,Costumer Services,
Ellen,Buchanan,Ellen Buchanan,EllenBu,EllenBu@Spider.com,Costumer Services,
Kathleen,Hammock,Kathleen Hammock,KathleenHa,KathleenHa@Spider.com,Costumer Services,
Steven,Ingram,Steven Ingram,StevenIn,StevenIn@Spider.com,Costumer Services,
Mauricio,Boggess,Mauricio Boggess,MauricioBo,MauricioBo@Spider.com,Costumer Services,
Lawrence,Waters,Lawrence Waters,LawrenceWa,LawrenceWa@Spider.com,Costumer Services,
Margaret,Merriman,Margaret Merriman,MargaretMe,MargaretMe@Spider.com,Costumer Services,
Kimberlee,Castillo,Kimberlee Castillo,KimberleeCa,KimberleeCa@Spider.com,Costumer Services,
Judy,Mercado,Judy Mercado,JudyMe,JudyMe@Spider.com,Costumer Services,
Evelyn,Anthony,Evelyn Anthony,EvelynAn,EvelynAn@Spider.com,Costumer Services,
Gayla,Williams,Gayla Williams,GaylaWi,GaylaWi@Spider.com,Costumer Services,
Jennifer,Calvin,Jennifer Calvin,JenniferCa,JenniferCa@Spider.com,Costumer Services,
Pearline,Green,Pearline Green,PearlineGr,PearlineGr@Spider.com,Help Desk,Admin Manager
Alma,Wagner,Alma Wagner,AlmaWa,AlmaWa@Spider.com,Help Desk,Department Manager
Lance,Cobb,Lance Cobb,LanceCo,LanceCo@Spider.com,Help Desk,
Steven,Meadors,Steven Meadors,StevenMe,StevenMe@Spider.com,Help Desk,
Matthew,Forrest,Matthew Forrest,MatthewFo,MatthewFo@Spider.com,Help Desk,
Alicia,Gore,Alicia Gore,AliciaGo,AliciaGo@Spider.com,Help Desk,
Diana,Morgan,Diana Morgan,DianaMo,DianaMo@Spider.com,Help Desk,
Bobbie,Ayers,Bobbie Ayers,BobbieAy,BobbieAy@Spider.com,Help Desk,
